company_name,phone,website,rating,review_count,ranking,city,state,timezone,industry
Scotty's Tire Inc,(813) 756-6150,,4.6,91,120,Tampa,FL,GMT-05:00 America/New_York (EST),Tire service
Interstate Mobile Commercial Tires Service and Road Service Semi Tires,(813) 684-9294,,,0,110,Tampa,FL,GMT-05:00 America/New_York (EST),Tire service
MZ Tire Services,(813) 900-5946,,5.0,1,108,Tampa,FL,GMT-05:00 America/New_York (EST),Tire service
Chino's Tire,(813) 374-2849,,4.6,75,77,Tampa,FL,GMT-05:00 America/New_York (EST),Tire service
Diamond Mobile Commercial Tires Road Service,(727) 293-5188,,5.0,3,22,Tampa,FL,GMT-05:00 America/New_York (EST),Tire service
All Tires & Auto Care,(813) 398-7811,,4.7,92,13,Tampa,FL,GMT-05:00 America/New_York (EST),Tire service
L & M Mobil 24 Hour Tire Service,(484) 545-1084,,5.0,1,10,Tampa,FL,GMT-05:00 America/New_York (EST),Tire service
Flatchasers Tire Service,(813) 927-2670,,5.0,4,6,Tampa,FL,GMT-05:00 America/New_York (EST),Tire service
L.R.S. mobile tire service LLC,(813) 525-4292,,4.9,32,4,Tampa,FL,GMT-05:00 America/New_York (EST),Tire service
Victor Tire Shop And Repair,(432) 202-9342,,4.7,17,117,Midland,TX,GMT-06:00 US/Central (CST),Tire service
West Texas Tire Center,(432) 333-1200,,4.4,67,116,Midland,TX,GMT-06:00 US/Central (CST),Tire service
Chuy's Tire Services,(970) 380-7515,,5.0,4,115,Midland,TX,GMT-06:00 US/Central (CST),Tire service
Azteca Tire Co.,(432) 653-4976,,4.2,51,114,Midland,TX,GMT-06:00 US/Central (CST),Tire service
Luie's Wheels & Tire Shop,(432) 258-1170,,5.0,32,111,Midland,TX,GMT-06:00 US/Central (CST),Tire service
Watson's Automotive,(432) 683-1338,,4.8,28,105,Midland,TX,GMT-06:00 US/Central (CST),Tire service
Hillmont Truck & Trailer Repair,(432) 306-9130,,4.5,8,104,Midland,TX,GMT-06:00 US/Central (CST),Tire service
Aztec Tire Service,(432) 208-8004,,2.7,15,102,Midland,TX,GMT-06:00 US/Central (CST),Tire service
Tall City Diesel Services LLC,(940) 435-4925,,3.7,3,101,Midland,TX,GMT-06:00 US/Central (CST),Tire service
Best Buy tires and more,(432) 618-0639,,,0,98,Midland,TX,GMT-06:00 US/Central (CST),Tire service
Garcias Flats Fixed And Mechanic Service,(432) 438-5592,,4.5,30,97,Midland,TX,GMT-06:00 US/Central (CST),Tire service
Browns Automotive service and repair llc,(830) 765-0774,,5.0,1,96,Midland,TX,GMT-06:00 US/Central (CST),Tire service
Performance Auto Tire LLC,(432) 703-8676,,4.1,62,95,Midland,TX,GMT-06:00 US/Central (CST),Tire service
Littlefield Automotive,(432) 683-8611,,3.7,35,91,Midland,TX,GMT-06:00 US/Central (CST),Tire service
Chaparral Tire,(432) 582-2866,,4.3,99,90,Midland,TX,GMT-06:00 US/Central (CST),Tire service
Placencios road service,(432) 249-2035,,3.8,4,88,Midland,TX,GMT-06:00 US/Central (CST),Tire service
All Night Flight Fleet Services (Mobile Mechanics),(270) 832-3747,,4.4,24,79,Midland,TX,GMT-06:00 US/Central (CST),Tire service
"MSP Tire Services, LLC",(432) 924-1074,,5.0,2,78,Midland,TX,GMT-06:00 US/Central (CST),Tire service
Community Auto Sales,(432) 238-9769,,3.9,14,77,Midland,TX,GMT-06:00 US/Central (CST),Tire service
Truck tires service,(786) 873-6210,,5.0,2,67,Midland,TX,GMT-06:00 US/Central (CST),Tire service
3M Auto Services,(432) 934-6610,,5.0,2,63,Midland,TX,GMT-06:00 US/Central (CST),Tire service
Truck Town Tire Shop,(915) 803-6125,,,0,59,Midland,TX,GMT-06:00 US/Central (CST),Tire service
J&S mobile mechanic service,(432) 547-9736,,,0,54,Midland,TX,GMT-06:00 US/Central (CST),Tire service
Coffman's Truck Services llc,(432) 924-5660,,5.0,1,48,Midland,TX,GMT-06:00 US/Central (CST),Tire service
La Tripa tire and auto repair services,(432) 260-7390,,5.0,9,44,Midland,TX,GMT-06:00 US/Central (CST),Tire service
Discount Services,(432) 683-9663,,4.5,2,41,Midland,TX,GMT-06:00 US/Central (CST),Tire service
ARTURO’S ROADSERVICE & MOBIL CARWASH,(432) 231-2216,,3.1,9,40,Midland,TX,GMT-06:00 US/Central (CST),Tire service
Speedy's tires and lube,(806) 773-4712,,3.4,61,39,Midland,TX,GMT-06:00 US/Central (CST),Tire service
TONK'S TIRES LLC,(432) 853-3525,,5.0,4,34,Midland,TX,GMT-06:00 US/Central (CST),Tire service
Big 3 Tire,(432) 682-5248,,4.4,60,32,Midland,TX,GMT-06:00 US/Central (CST),Tire service
LOS Tire & Automotive,(432) 631-2396,,4.0,2,30,Midland,TX,GMT-06:00 US/Central (CST),Tire service
W&P TIRE SHOP,(432) 241-4054,,4.7,26,20,Midland,TX,GMT-06:00 US/Central (CST),Tire service
ON THE SPOT TIRES & MECHANIC SERVICES LLC.,(432) 230-6018,,4.2,11,19,Midland,TX,GMT-06:00 US/Central (CST),Tire service
Best Tire Shop And Sales,(432) 889-9671,,4.3,15,17,Midland,TX,GMT-06:00 US/Central (CST),Tire service
"Midland Tire, Brake & Automotive Center",(432) 570-7700,,4.3,52,15,Midland,TX,GMT-06:00 US/Central (CST),Tire service
Arzate Mobile Tire and Battery Service,(432) 425-9733,,4.3,19,12,Midland,TX,GMT-06:00 US/Central (CST),Tire service
Tony's Tire Service,(432) 889-9671,,5.0,9,9,Midland,TX,GMT-06:00 US/Central (CST),Tire service
"Premium Tires, Inc.",(833) 768-4737,,5.0,41,8,Midland,TX,GMT-06:00 US/Central (CST),Tire service
Express Tire Service,(432) 438-2613,,4.8,24,5,Midland,TX,GMT-06:00 US/Central (CST),Tire service
DJ’S Tires & Road Service,(432) 888-0839,,5.0,21,3,Midland,TX,GMT-06:00 US/Central (CST),Tire service
Mesquite Tires LLC,(432) 994-3928,,3.9,11,2,Midland,TX,GMT-06:00 US/Central (CST),Tire service
GARCIA TIRE ROAD SERVICE,(432) 212-3681,,4.9,9,1,Midland,TX,GMT-06:00 US/Central (CST),Tire service
Hi Valley Tires & Roadside Service,(760) 955-9848,,,0,113,Victorville,CA,GMT-08:00 America/Los_Angeles (PST),Tire service
Service Guy Truck & Trailer Repair,(909) 479-9136,,5.0,1,112,Victorville,CA,GMT-08:00 America/Los_Angeles (PST),Tire service
Bunch’s mobile tire repair,(442) 446-8996,,,0,111,Victorville,CA,GMT-08:00 America/Los_Angeles (PST),Tire service
Azteca tires,(442) 267-5406,,,0,105,Victorville,CA,GMT-08:00 America/Los_Angeles (PST),Tire service
Hesperia Tire & Auto Service,(760) 680-9339,,,0,89,Victorville,CA,GMT-08:00 America/Los_Angeles (PST),Tire service
Victor's Tire,(760) 524-0392,,4.2,31,81,Victorville,CA,GMT-08:00 America/Los_Angeles (PST),Tire service
Batteries & Tire Repair Shop,(909) 678-6331,,5.0,24,79,Victorville,CA,GMT-08:00 America/Los_Angeles (PST),Tire service
HIGH DESERT TIRE SHOP,(562) 449-8500,,3.9,86,74,Victorville,CA,GMT-08:00 America/Los_Angeles (PST),Tire service
BSC FLEET SERVICES & Clean Truck Check,(760) 600-1616,,4.9,27,73,Victorville,CA,GMT-08:00 America/Los_Angeles (PST),Tire service
Fish road service truck tires,(909) 808-8507,,5.0,8,67,Victorville,CA,GMT-08:00 America/Los_Angeles (PST),Tire service
Ibarra's Tire Shop,(760) 244-3475,,4.5,28,65,Victorville,CA,GMT-08:00 America/Los_Angeles (PST),Tire service
Chepitos Tires 24h Road service,(626) 634-5231,,,0,62,Victorville,CA,GMT-08:00 America/Los_Angeles (PST),Tire service
Chema’s tire road service,(760) 995-1297,,4.9,18,57,Victorville,CA,GMT-08:00 America/Los_Angeles (PST),Tire service
Tire Shop 2U Mobile service,(909) 288-8360,,5.0,3,52,Victorville,CA,GMT-08:00 America/Los_Angeles (PST),Tire service
M&A - Tire Shop - Service & Repair,(760) 246-5017,,4.2,5,48,Victorville,CA,GMT-08:00 America/Los_Angeles (PST),Tire service
Tomateros Tires shop,(760) 955-8626,,4.4,96,46,Victorville,CA,GMT-08:00 America/Los_Angeles (PST),Tire service
JJ Tire,(760) 596-4656,,4.6,54,45,Victorville,CA,GMT-08:00 America/Los_Angeles (PST),Tire service
RapiditosTireService (Mobile Only),(760) 338-9130,,5.0,3,41,Victorville,CA,GMT-08:00 America/Los_Angeles (PST),Tire service
A Star Tire,(760) 949-6699,,5.0,40,38,Victorville,CA,GMT-08:00 America/Los_Angeles (PST),Tire service
"J.R 24 hours road service semi truck tires,car tires",(760) 524-4025,,5.0,11,37,Victorville,CA,GMT-08:00 America/Los_Angeles (PST),Tire service
Master Tires & Brake Service,(442) 229-2585,,5.0,2,35,Victorville,CA,GMT-08:00 America/Los_Angeles (PST),Tire service
Tires Frijo,(714) 422-8452,,5.0,92,33,Victorville,CA,GMT-08:00 America/Los_Angeles (PST),Tire service
A & F Automotive & Tire Services,(760) 244-0334,,4.8,25,29,Victorville,CA,GMT-08:00 America/Los_Angeles (PST),Tire service
Serrano's Tires & Auto Repair,(442) 327-9068,,4.0,83,28,Victorville,CA,GMT-08:00 America/Los_Angeles (PST),Tire service
Apple valley tires,(760) 590-5471,,4.7,72,27,Victorville,CA,GMT-08:00 America/Los_Angeles (PST),Tire service
A QUALITY AUTO & TIRE REPAIR,(760) 261-4069,,4.2,53,26,Victorville,CA,GMT-08:00 America/Los_Angeles (PST),Tire service
Mexican Tires,(760) 951-3530,,4.7,36,24,Victorville,CA,GMT-08:00 America/Los_Angeles (PST),Tire service
Coles Bros Tire Service,(760) 245-4546,,4.8,20,22,Victorville,CA,GMT-08:00 America/Los_Angeles (PST),Tire service
J.C.Road Service 🚚SEMI Truck Tires🚛)Car 🚘Tires🚗(Towing service)Off Road Rescue,(760) 498-8408,,5.0,18,21,Victorville,CA,GMT-08:00 America/Los_Angeles (PST),Tire service
Primos Tires,(760) 887-9559,,4.6,65,14,Victorville,CA,GMT-08:00 America/Los_Angeles (PST),Tire service
Gonzalez Tire Shop,(442) 267-5246,,4.6,94,13,Victorville,CA,GMT-08:00 America/Los_Angeles (PST),Tire service
Caballero's Tire Service and Auto Repair,(760) 951-9746,,4.8,79,10,Victorville,CA,GMT-08:00 America/Los_Angeles (PST),Tire service
Quality Tires & Auto Service,(760) 552-4188,,4.3,87,8,Victorville,CA,GMT-08:00 America/Los_Angeles (PST),Tire service
Vics garage mobile,(909) 658-5150,,4.6,55,6,Victorville,CA,GMT-08:00 America/Los_Angeles (PST),Tire service
Vic’s mobile tire shop,(909) 658-5150,,4.0,16,4,Victorville,CA,GMT-08:00 America/Los_Angeles (PST),Tire service
J.C. 24 hours Road Service SEMI Truck Tires)Car Tires,(760) 498-8408,,4.9,33,2,Victorville,CA,GMT-08:00 America/Los_Angeles (PST),Tire service
